Codon,Transcriptome,CHX_rep1,CHX_rep2,CHX_rep3,noCHX_rep1,noCHX_rep2,noCHX_rep3
AAA,312370,34899.0,32070.0,37475.0,30577.0,34236.0,37282.0
AAC,150218,33899.0,31947.0,37993.0,31657.0,33354.0,36786.0
AAG,210819,48833.0,44623.0,53111.0,50618.0,56447.0,62359.0
AAT,252393,39600.0,36108.0,42811.0,32514.0,35107.0,39275.0
ACA,168437,19586.0,17923.0,20666.0,16944.0,18890.0,18940.0
ACC,85256,14744.0,13577.0,16203.0,13797.0,15412.0,16305.0
ACG,73706,9193.0,8598.0,9933.0,7953.0,8961.0,9260.0
ACT,159191,25716.0,23654.0,28588.0,22705.0,24832.0,26321.0
AGA,126497,19193.0,18606.0,21476.0,18435.0,19456.0,20874.0
AGC,68643,7804.0,7339.0,8858.0,7114.0,7607.0,8288.0
AGG,31293,2701.0,2628.0,3052.0,2378.0,2700.0,2724.0
AGT,100255,11454.0,10377.0,12302.0,9269.0,10180.0,11219.0
ATA,82043,5939.0,5920.0,6127.0,5382.0,5985.0,6127.0
ATC,156883,21880.0,20500.0,24251.0,22113.0,24269.0,27779.0
ATG,218941,42495.0,41016.0,44821.0,32707.0,35773.0,40208.0
ATT,273809,31451.0,28611.0,34795.0,29636.0,31086.0,35409.0
CAA,221763,26840.0,24665.0,28783.0,26254.0,29330.0,30654.0
CAC,73584,13224.0,12797.0,15314.0,12997.0,13525.0,13721.0
CAG,115549,13513.0,12476.0,14724.0,13057.0,15012.0,15382.0
CAT,114643,18585.0,16995.0,20048.0,16047.0,17633.0,18167.0
CCA,213076,43692.0,39805.0,48900.0,42442.0,45409.0,47605.0
CCC,36777,2309.0,2013.0,2435.0,2013.0,2431.0,2529.0
CCG,80552,9889.0,9141.0,10717.0,7850.0,8899.0,9557.0
CCT,73857,7088.0,6028.0,7574.0,5803.0,6458.0,7129.0
CGA,98569,8317.0,7182.0,9111.0,7771.0,9130.0,9119.0
CGC,40411,8951.0,8480.0,10013.0,8986.0,9465.0,10285.0
CGG,38627,3175.0,3030.0,3396.0,2740.0,3418.0,3330.0
CGT,89403,29056.0,26805.0,32715.0,28658.0,29322.0,32755.0
CTA,67752,4942.0,4341.0,5392.0,4431.0,5051.0,4842.0
CTC,120436,18228.0,16319.0,20605.0,19658.0,20895.0,21858.0
CTG,101921,9538.0,8784.0,10499.0,9535.0,10571.0,10414.0
CTT,174066,29514.0,26368.0,32466.0,28969.0,30018.0,32038.0
GAA,338701,36254.0,34647.0,40121.0,32386.0,35358.0,37699.0
GAC,140459,28861.0,27701.0,32967.0,28134.0,29329.0,32456.0
GAG,200205,44989.0,43611.0,48940.0,38214.0,40958.0,45525.0
GAT,298005,59015.0,55265.0,66422.0,52553.0,54435.0,62350.0
GCA,167108,15952.0,14779.0,17327.0,14382.0,15511.0,16775.0
GCC,102595,16934.0,15264.0,18916.0,16852.0,18184.0,21034.0
GCG,68803,6615.0,6190.0,7550.0,6023.0,6468.0,6820.0
GCT,184887,32295.0,29703.0,36638.0,31111.0,32030.0,35194.0
GGA,260008,78157.0,73766.0,88419.0,73317.0,76188.0,84938.0
GGC,55537,6428.0,5838.0,7255.0,6168.0,6339.0,6911.0
GGG,37137,3227.0,3158.0,3720.0,3001.0,3045.0,3403.0
GGT,89658,17108.0,15395.0,19159.0,16143.0,16449.0,18550.0
GTA,82475,7924.0,7326.0,8740.0,7521.0,7987.0,8326.0
GTC,110762,19925.0,18038.0,22215.0,20967.0,21898.0,25435.0
GTG,121243,16450.0,15269.0,17881.0,15015.0,15921.0,17240.0
GTT,200029,32160.0,29003.0,35100.0,30492.0,30730.0,36399.0
TAC,115705,12516.0,11825.0,13715.0,12050.0,13099.0,14270.0
TAT,149421,17961.0,16119.0,19150.0,14710.0,16110.0,17627.0
TCA,170982,15196.0,13504.0,16214.0,13671.0,14839.0,15982.0
TCC,87774,8039.0,7458.0,8910.0,8266.0,8911.0,9664.0
TCG,100073,9445.0,8506.0,10350.0,8947.0,9730.0,10534.0
TCT,139021,15224.0,13715.0,16967.0,14807.0,15715.0,17015.0
TGA,55,6.0,8.0,3.0,3.0,6.0,4.0
TGC,76658,9160.0,8658.0,10094.0,8034.0,8541.0,8918.0
TGG,91513,8417.0,7786.0,9148.0,8431.0,9530.0,10051.0
TGT,94837,11752.0,10597.0,12709.0,9085.0,9854.0,10836.0
TTA,82396,5510.0,5075.0,5909.0,5282.0,6143.0,6188.0
TTC,198967,27270.0,24832.0,29674.0,27049.0,28494.0,33119.0
TTG,167074,25774.0,22703.0,27565.0,24099.0,26012.0,26777.0
TTT,195478,16486.0,14444.0,18035.0,14333.0,15454.0,17542.0
